codigo;cuenta;clasificacion;subclasificacion;oficial;descripcion;cargos;abonos;saldo_deudor;saldo_acreedor;activa;codigo_otro
1.1.10.1;Caja;1;1.1;1220010;Fondos en caja tanto en moneda nacional como extranjera de disponibilidad inmediata.;Aporte de los dueños, por recaudación de las ventas, devoluciones de impuesto en efectivo.;Por pago de deudas (obligaciones con terceros), pago de proveedores, pago de arriendos, pago de sueldos, por pago de impuestos, etc.;Disponible en caja o saldada.;;1;
1.1.20.1;Banco;1;1.1;1220020;Representa los valores disponibles en la cuenta corriente que la empresa mantiene en el banco.;Cuando se efectúan depósitos, traslados de fondos, nota de créditos del banco, recaudación de cobranza y cualquier otro documento que incremente los ingresos.;Emisión de giros, cheques, notas de débitos al banco, cargos bancaris efectuados por el banco como comisiones, impuestos y cualquier otra forma de pago que signifique un egreso de dicha cuenta.;Representa dinero disponible en la cuenta corriente.;;1;
1.1.30.1;Insumos;1;1.1;;En este rubro se incorporan los bienes consumibles que son utilizados en el proceso productivo de otro bien, es término equivalente materia prima, recursos productivos o factores de producción. Pierden sus propiedades y características para transformarse y formar parte del producto final.;Se carga por compras, notas de débito, devoluciones de ventas, etc.;Se abona por consumos de insumos requisiciones.;Representa las existencias de insumos en bodega a la fecha del informe respectivo.;;0;
1.1.40.1;Productos en proceso;1;1.1;;En este rubro deberá incluirse bienes y servicios producidos (o pendientes de terminación) que son utilizados como entrada en algún proceso productivo posterior, para poder concluir su etapa de elaboración, es decir, artículos que se intercambian entre las unidades de producción.;Se carga por la producción de estos productos.;Se abona por consumo de los productos en proceso.;Representa las existencias de productos en proceso en bodega a la fecha del informe respectivo;;0;
1.1.50.1;Mercaderías;1;1.1;;En este rubro se incluye los productos fabricados por la empresa y destinados al consumo final o a su utilización por otras empresas, así mismo en esta cuenta se incluye mercaderías adquiridas por la empresa y destinadas a la venta sin transformación.;Se carga por compras, notas de débito, devoluciones de ventas, etc.;Se abona por las ventas a precio de costo, notas de crédito y devoluciones por compra.;Representa las existencias de mercaderías en bodega a la fecha del informe respectivo;;1;
1.1.60.1;Depósitos a plazo;1;1.1;1220030;Representa fondos depositados en bancos e instituciones financieras, no sujetos a restricciones de ningún tipo.;Se carga por los depósitos efectuados.;Se abona por los retiros parciales o totales de los depósitos.;Representa valor de depósitos por recuperar;;0;
1.1.70.1;Valores negociables;1;1.1;;En este rubro se incluyen inversiones en acciones, títulos de deuda, cuotas de fondos mutuos u otros títulos de oferta pública que representen la inversión de fondos disponibles para las operaciones corrientes de la empresa.;Se carga por inversiones efectuadas.;Se abona con la liquidación o renovación de las inversiones;Representa inversiones realizadas a la fecha del informe.;;0;
1.1.80.1;Deudores por ventas;1;1.1;;Cuentas por cobrar provenientes de las operaciones comerciales de la empresa.;Se carga por las deudas que han emitido y aceptado a la empresa y/o aquellas personas (clientes) que han aceptado la deuda a crédito simple.;Se abona por aquellas deudas que se han cancelado o enviado y/o cuando el cliente paga total o parcialmente la cuenta, devuelve la mercancía o se le concede alguna rebaja.;Representa las deudas aceptadas por terceros para ser canceladas en un tiempo estipulado y/o al momento de emitirse una factura a favor del cliente cobrándole el producto o servicio.;;0;
1.1.90.1;Documentos por cobrar;1;1.1;;Cuentas por cobrar documentadas a través de letras, pagarés, cheques, facturas u otros documentos, provenientes de operaciones comerciales de la empresa.;Se carga por los documentos que han emitido y aceptado a la empresa y/o aquellas personas (clientes) que han aceptado la deuda al crédito simple.;Se abona por aquellos documentos que se han cancelado o enviado y/o cuando el cliente paga total o parcialmente a la cuenta, devuelve la mercancía o se le concede alguna rebaja.;Representa loss documentos que terceros firman para ser cancelados en un tiempo estipulado y/o al momento de emitirse una factura a favor del cliente cobrándole el producto o servicio.;;1;
1.1.100.1;Documentos por cobrar a terceros;1;1.1;;Corresponde a cuentas por cobrar que han sido documentadas y que sirve de garantía por ventas de mercaderías en consignación.;;;;;1;
1.1.110.1;Documentos y cuentas por cobrar a empresas relacionadas;1;1.1;1220080;Documentos y cuentas por cobrar a empresas relacionadas, descontando los intereses no devengados que provengan o no de operaciones comerciales y cuyo plazo de recuperación no excede a un año a contar de la fecha de los estados financieros.;Se carga por los documentos que han emitido y aceptado a la empresa o bien han aceptado la deuda al crédito simple.;Se abona por aquellos documentos que se han cancelado o enviado y/o cuando la empresa paga total o parcialmente la cuenta, devuelve la mercancía o se le concede alguna rebaja.;Representa los documentos que las empresas relacionadas firman para ser cancelados en un tiempo estipulado y/o al momento de emitirse una factura a favor de la empresa cobrándole el producto o servicio.;;1;
1.1.120.1;Documentos y cuentas por cobrar a empresas no relacionadas;1;1.1;;Documentos y cuentas por cobrar a empresas no relacionadas, descontando los intereses no devengados que provengan o no de operaciones comerciales y cuyo plazo de recuperación no excede a un año a contar de la fecha de los estados financieros.;Se carga por los documentos que han emitido y aceptado a la empresa o bien han aceptado la deuda al crédito simple.;Se abona por aquellos documentos que se han cancelado o enviado y/o cuando la empresa paga total o parcialmente la cuenta, devuelve la mercancía o se le concede alguna rebaja.;Representa los documentos que las empresas no relacionadas firman para ser cancelados en un tiempo estipulado y/o al momento de emitirse una factura a favor de la empresa cobrándole el producto o servicio.;;1;
1.1.130.1;Estimación deudores incobrable (provisión);1;1.1;;"Es una contracuenta de activo, y se presenta descontando el valor del potencial de beneficios que por estos recursos (activos) puede esperar la empresa. Cuando la empresa otorga créditos a sus clientes, ello implica un riesgo para ésta, dado que es posible que los clientes no cancelen su deuda; en todo caso, es un riesgo existente en cualquier negocio.";Se carga cuando se tiene certeza sobre los clientes que fueron estimados como incobrables o no.;Se abona por la estimación de los deudores que se espera no cancelarán sus deudas.;;Refleja la estimación persistente por deudores que aun no se tiene certeza de su incobrabilidad o cuando ya se han agotado todos los medios de cobro.;0;
1.1.140.1;Deudores varios;1;1.1;1220070;Corresponde a todas aquellas cuentas por cobrar que no provengan de las operaciones comerciales de la empresa, tales como deudores por ventas de activo fijo.;Se carga por las deudas que han emitido y aceptado a la empresa y/o aquellas personas (clientes) que han aceptado la deuda a crédito simple.;Se abona por aquellas deudas que se han cancelado o enviado y/o cuando el cliente paga total o parcialmente la cuenta, devuelve la mercancía o se le concede alguna rebaja.;Representa las deudas aceptadas por terceros para ser canceladas en un tiempo estipulado y/o al momento de emitirse una factura a favor del cliente cobrándole el producto o servicio.;;0;
1.1.150.1;Anticipo remuneraciones;1;1.1;1220071;En esta cuenta se registran los pagos concedidos a los trabajadores a cuenta de su próximo sueldo.;Se carga con los pagos realizados al personal respaldados por algún contrato o comprobante de ingreso interno.;Se abona con el ingreso de los valores una vez que son devueltos por el personal.;Representa las deudas de los trabajadores por anticipos recibidos pendientes de regularización y por las cuales existe una expectativa de devolución.;;0;
1.1.160.1;Préstamos a trabajadores;1;1.1;;Corresponde a cuentas por cobrar que provengan de trabajadores de la empresa.;Se carga por el préstamo realizado al personal respaldado por algún contrato o comprobante de egreso interno.;Se abona con el ingreso de los valores una vez que son devueltos por el personal.;Representa las deudas de los trabajadores por préstamo otorgado pendientes de pago y por los cuales existe una expectativa de devolución.;;0;
1.1.170.1;Otros descuentos de remuneraciones;1;1.1;;Corresponde a otras cuentas por cobrar que provengan de trabajadores de la empresa.;Se carga por el beneficio realizado anticipadamente al personal respaldado por algún contrato o comprobante de egreso.;Se abona con el ingreso de los valores una vez que son devueltos por el personal.;Representa las deudas de los trabajadores por otros conceptos pendientes de pago y por las cuales existe una expectativa de devolución.;;0;
1.1.180.1;Préstamos a socio (empresario);1;1.1;;Corresponde a cuentas por cobrar que provengan de socios de la empresa.;Se carga por el préstamo realizado al socio respaldado por algún contrato o comprobante de ingreso interno.;Se abona con el ingreso de los valores una vez que son devueltos por el socio.;Representa las deudas de los socios por préstamo otorgado pendientes de pago y por las cuales existe una expectativa de devolución.;;0;
1.1.190.1;Cuenta corriente consignatario;1;1.1;;Derecho que tiene el consignador sobre las ventas de mercaderías que entregó a terceros.;Por el valor de las ventas a precio bruto de las mercaderías enviadas a consignación.;Comisiones por ventas, gastos efectuados por el consignatario al cargo del comitente. Pagos efectuados por el consignatario al consignador.;Deudas pendientes del consignatario.;;0;
1.1.200.1;Impuestos por recuperar;1;1.1;1220110;Corresponde incluir en este rubro los pagos provisionales que exceden la provisión por impuesto a la renta u otros créditos al impuesto a la renta como gastos de capacitación, donaciones a universidades y el crédito por compras de activo fijo. Adicionalmente deben incluirse los PPM por recuperar por utilidades absorbidas por pérdidas tributarias.;Se carga por los pagos realizados acogidos a la franquicia o por impuestos pagados en la descripción.;Compensación con el impuesto que le corresponde cancelar o ajustar.;Impuesto acumulado, que son los impuestos por recuperar o créditos fiscales a favor de la empresa que se encuentran pendientes de imputación o devolución por parte del fisco.;;1;
1.1.210.1;Impuesto específico combustible;1;1.1;;Impuesto específico en relación a los m3 comprados asociados al traslado de impuesto al consumidor final.;;;;;1;
1.1.220.1;IVA créditos;1;1.1;1220111;Corresponde incluir en este rubro el crédito fiscal neto, por concepto al valor agregado (IVA).;Se carga por las compras afectas al IVA, registradas en el libro de compras.;Con los impuestos compensados en el débito fiscal, ajuste o devolución por compras.;Impuesto pendientes por recuperar.;;1;
1.1.230.1;Crédito impuesto Ley 18.211;1;1.1;;En esta cuenta se registra crédito por impuesto Ley 18.211 que grava la importación de mercaderías extranjeras en las zonas francas de extensión.;;;;;0;
1.1.240.1;Crédito impuesto específico;1;1.1;;En esta cuenta se incluyen los créditos por concepto de impuesto específico tanto fijos como transitorios como el caso del combustible.;;;;;0;
1.1.250.1;Crédito impuesto adicional;1;1.1;;En esta cuenta se incluyen los créditos por concepto de impuesto adicional.;;;;;0;
1.1.260.1;Impuestos diferidos;1;1.1;;Este rubro reflejará la diferencia deudora entre el impuesto a pagar en un ejercicio tributario distinto al de su registro contable y el gasto tributario por impuesto a la renta, originada por diferencias temporarias deducibles en el corto plazo y por la existencia de pérdidas tributarias que implican un beneficio tributario.;;;;;1;
1.1.270.1;Gastos pagados por anticipados;1;1.1;1220120;Esta cuenta está constituida por aquellos pagos efectuados por servicios que serán recibidos por la empresa, durante el ejercicio siguiente al de la fecha de los estados financieross tales como arriendo, seguros y otros pagados en forma anticipada y que deben ser regularizados en la medida que se devengan.;Se carga con el pago de gastos realizados anticipadamente.;Por ajustes por servicios devengados.;Por valores o derechos por consumir.;;1;
1.1.280.1;Otros activos circulantes;1;1.1;1220140;Este rubro comprenderán todos aquellos activos circulantes que no pueden ser clasificados en alguna de las definiciones anteriores y cuyos beneficios se esperan recibir dentro de un año.;Adquisición de un bien o servicio, transferencias de activos.;Venta, por pagos efectuados, transferencias de activos.;Derecho sobre un bien o servicio que no ha sido consumido al final del periodo y que por lo cual es un activo para el siguiente.;;1;
1.1.290.1;Contratos Leasing;1;1.1;1220150;Se incluirán en este rubro la proporción del valor nominal de los contratos de leasing con vencimiento hasta un año.;;;;;0;
1.1.300.1;Activos para Leasing;1;1.1;1220160;Se incluirán en esta cuenta aquellos bienes que han sido adquiridos para ser entregados en Leasing.;;;;;0;
1.1.310.1;Pago provisional mensual (PPM);1;1.1;;Corresponde a registrar los pagos mensuales a cuenta de los impuestos anuales que correspondan pagar en el mes de abril.;;;;;1;
1.2.10.1;Terrenos;1;1.2;647010;Activo fijo de carácter inmobiliario, no depreciables y activos no reproducibles, tales como yacimientos y bosques naturales, aún cuando éstos estén sujetos a agotamiento en caso de explotación.;Se carga por las compras de nuevos terrenos adquiridos o donados y por la corrección monetaria.;Por las ventas de éstos terrenos o por entrega en calidad de aportes de capital.;Representa la existencia en terrenos de propiedad de la empresa, cuyos valores de adquisición están actualizados.;;0;
1.2.20.1;Construcciones y obras de infraestructura;1;1.2;647020;Bienes inmuebles edificados o en construcción, residenciales o de uso industrial o comercial. Además se incluyen las obras de infraestructura tales como vías e instalaciones de ferrocarril, carreteras, calles, alcantarillados, puentes, pozos, minas, etc. Este rubro debe incluir, además de obras de infraestructura típicamente agrícolas tales como canales, cercos, corrales como también las inversiones a largo plazo en plantaciones frutales, viñas, etc, que darán en el futuro productos comercializables.;Se carga con los desembolsos efectuados en los gastos de edificación y construcción. Además se carga con la corrección monetaria del ejercicio.;Por la contabilización de las bajas de estos activos, ventas y depreciaciones.;Representa el valor actualizado de los desembolsos efectuados por concepto en construcciones de propiedad de la empresa.;;0;
1.2.30.1;Maquinarias y equipos;1;1.2;647030;Activos fijos que representan el equipamiento básico para la producción, incluye equipos de planta o de explotación agrícola o pesquera.;Se carga por compras de maquinarias y equipos y por corrección monetaria del ejercicio.;Por la contabilización de las bajas de estos activos, ventas y depreciaciones o por ajustes de la cuenta por estar sobrevaluado o por estar registrado a un valor superior a su costo de adquisición.;Representa el valor actualizado de las máquinas y equipos de propiedad de la empresa.;;1;
1.2.40.1;Muebles y útiles;1;1.2;;Activos fijos que representan el mobiliario y equipamiento de oficinas administrativas.;Se carga por compras de muebles, equipamiento de oficinas y por corrección monetaria del ejercicio.;Por la contabilización de las bajas de estos activos, ventas y depreciaciones o por ajustes de la cuenta por estar sobrevaluado o por estar registrado a un valor superior a su costo de adquisición.;Representa el valor actualizado del mobiliario y equipamiento de oficinas de propiedad de la empresa.;;1;
1.2.50.1;Activos en Leasing;1;1.2;647040;Activos adquiridos mediante la suscripción de un contrato de Leasing.;;;;;0;
1.2.60.1;Otros activos fijos;1;1.2;;Todos aquellos activos fijos que no pueden ser clasificados en algunas de las definiciones anteriores, incluye por ejemplo vehículos cuya dedicación principal es el transporte de bienes o personas.;Se carga la adquisición de este tipo de activos. Además se carga por la corrección monetaria del ejercicio.;Por la contabilización de las bajas de estos activos, ventas y depreciaciones.;Representa el valor actualizado de los desembolsos efectuados por concepto de este tipo de activos de propiedad de la empresa.;;1;
1.2.70.1;Mayor valor retasación técnica del activo fijo;1;1.2;;"Mayor valor retasación por sobre el valor libro de los activos retasados (solo empresas que hayan acogido a la retasación técnica del activo fijo, establecida en las circulares N° 1529, de 1979; N° 1571, de 1980; N° 550, de 1985 de SVS).";;;;;1;
1.2.80.1;Depreciación acumulada;1;1.2;;Corresponde a la depreciación acumulada de los activos fijos, incluído el mayor valor por la retasación técnica hasta la fecha de cierre de los estados financieros.;Se carga con la salida de los activos fijos de propiedad de la empresa mediante la contabilización de bajas.;Se abona con la contabilización de la depreciación del ejercicio de los activos fijos en general que posee la empresa. Además se abona con la corrección monetaria de las depreciaciones acumuladas de los activos fijos que vienen del ejercicio anterior.;;Representa la suma actualizada de las depreciaciones acumuladas de los activos fijos de propiedad de la empresa.;1;
1.3.10.1;Cuentas particulares;1;1.3;;Corresponde a retiros financieros de utilidades y/o aportes independientes del capital del empresario o socio.;Se carga por retiros del dueño (en dinero, mercaderías u otras especies).;Se abona por la devolución de los retiros, por préstamos que otorgue a su propia empresa y por la distribución de las utilidades.;Representa deuda del dueño con la empresa.;Deuda de la empresa con el dueño.;1;
1.3.20.1;Inversión en empresas relacionadas;1;1.3;;Corresponde a aquellas inversiones en acciones con o sin cotización bursátil y en derechos en sociedades relacionadas.;Se carga el aumento de las inversiones por los aportes efectuados o por el VPP de la participación en las sociedades. Además se carga con la corrección monetaria del ejercicio.;Se abona con las disminuciones de las inversiones por el retiro de los aportes o liquidación de las inversiones efectuadas o por el reconocimiento del VPP negativo en las sociedades relacionadas.;Representa el valor actualizado de las inversiones permanentes en sociedades relacionadas de la empresa.;;0;
1.3.30.1;Inversión en otras sociedades;1;1.3;;Corresponde a inversiones en acciones con o sin cotización bursátil y en derechos en sociedades no relacionadas.;Se carga el aumento de las inversiones por los aportes efectuados. Además se carga con la corrección monetaria del ejercicio.;Se abona con las disminuciones de las inversiones por el retiro de los aportes o liquidación de las inversiones efectuadas.;Representa el valor actualizado de las inversiones permanentes en sociedades no relacionadas de la empresa.;;0;
1.3.40.1;Deudores largo plazo;1;1.3;;Cuentas por cobrar, con excepción de aquellas cuentas por cobrar a empresas relacionadas, cuyo vencimiento excede un año a contar de la fecha de cierre de estados financieros.;Se carga por los documentos que han emitido y aceptado a la empresa y/o aquellas personas (clientes) que han aceptado la deuda al crédito simple.;Se abona por aquellos documentos que se han cancelado o enviado y/o cuando el cliente paga total o parcialmente a la cuenta, devuelve la mercancía o se le concede alguna rebaja.;Representa los documentos que terceros firman para ser cancelados en un tiempo estipulado y/o al momento de emitirse una factura a favor del cliente cobrándole el producto o servicio.;;0;
1.3.50.1;Documentos y cuentas por cobrar a empresas relacionadas a largo plazo;1;1.3;;Cuando existan deudas a largo plazo de sociedades relacionadas, deberán presentarse separadamente bajo esta clasificación.;Se carga por los documentos que han emitido y aceptado a la empresa o bien han aceptado la deuda al crédito simple.;Se abona por aquellos documentos que se han cancelado o enviado y/o cuando la empresa paga total o parcialmente la cuenta, devuelve la mercancía o se le concede alguna rebaja.;Representa los documentos que las empresas relacionadas firman para ser cancelados en un tiempo estipulado y/o al momento de emitirse una factura a favor de la empresa cobrándole el producto o servicio.;;0;
1.3.60.1;Impuestos diferidos largo plazo;1;1.3;;Este rubro reflejará la diferencia deudora entre el impuesto a pagar en un ejercicio tributario distinto al de su registro contable y el gasto tributario por impuesto a la renta, originada por diferencias temporarias deducibles en el largo plazo y por la existencia de pérdidas tributarias que implican un beneficio tributario.;;;;;0;
1.3.70.1;Intangibles;1;1.3;;Se deberá incluir en este rubro aquellos activos intangibles que hayan significado un desembolso real y que representen efectivamente un potencial de servicio para la empresa, tales como patentes, franquicias, marcas, concesiones, derechos sobre líneas telefónicas, base de datos, licencias, derechos de llaves, etc.;Se carga por el valor cancelado por derecho de estas mismas.;Por el valor eventual de amortización o por posible venta.;Valor que forma parte del activo por su valor real.;;1;
1.3.80.1;Otros activos;1;1.3;;Este rubro incluirá aquellas partidas que no puedan ser incorporadas a alguno de los rubros anteriores, como Gasto en organización y puesta en marcha, investigación, otros.;Por el precio de costo de los gastos pagados a los profesionales que tuvieron a cargo la reorganización de la empresa, como también al pago por concepto de gastos en desarrollo de otros tipos de actividades como investigación.;Por importe a su salgo, por cancelación definitiva, cuando ha llegado a su total de amortización.;Desembolsos efectuados actualizados por concepto de este tipo de activos.;;1;
1.3.90.1;Otros activos trabajadores;1;1.3;;Cuenta que representa descuentos del trabajador a favor de la empresa.;;;;;0;
1.3.100.1;Contratos de Leasing de largo plazo;1;1.3;;Se incluirá en este rubro la proporción del valor nominal de los contratos de leasing cuyo vencimiento exceda de un año. Esta cuenta deberá mostrarse en forma neta, es decir, habiendo deducido los intereses diferidos por percibir y las provisiones sobre los contratos de Leasing proporcionales, de acuerdo a las instrucciones impartidas por la circular N° 939 de 1990.;;;;;0;
1.3.110.1;Inversión Ley Arica;1;1.3;;En esta cuenta se registran inversiones en provincia de Arica y Parinacota que dan derecho a crédito de 1° Categoría.;;;;;0;
1.3.120.1;Inversión Ley Austral;1;1.3;;En esta cuenta se registran inversiones en las regiones de Aysén y Magallanes y Provincia de Palena que dan derecho a crédito de 1° Categoría.;;;;;0;
1.3.130.1;Amortización (acumulada);1;1.3;;Corresponde a las amortizaciones acumuladas de los intangibles hasta la fecha de cierre de los estados financieros.;Se carga con la rebaja de los activos intangibles de propiedad de la empresa.;Se abona con la contabilización de la amortización del ejercicio de los activos intangibles en general que posee la empresa. Además se abona con la corrección monetaria de las amortizaciones acumuladas de los activos intangibles que vienen del ejercicio anterior.;;Representa la suma actualizada de las amortizaciones acumuladas de los activos intangibles de propiedad de la empresa.;1;
2.1.10.1;Obligaciones con bancos e instituciones financieras;2;2.1;;Préstamos otorgados exclusivamente por bancos e instituciones financieras, con vencimientos que están dentro de un año a contar de la fecha de cierre de los estados financieros incluyendo los correspondientes intereses devengados por pagar dentro de un año.;Se carga con la cancelación de la obligación.;Se abona por la aceptación de la obligación, además se abona con el reconocimiento de los intereses y reajustes.;;Representa las obligaciones adeudadas a los bancos e instituciones financieras por las cuotas cuyo vencimiento es inferior a un año.;0;
2.1.20.1;Obligaciones con el público (pagarés);2;2.1;;Obligaciones contraídas a través de la emisión de pagarés u otro título de crédito o inversión representativos de deudas a corto plazo.;Se carga con los pagos efectuados.;;;Representa las obligaciones adeudadas al público por las cuotas cuyo vencimiento es inferior a un año.;0;
2.1.30.1;Cuentas y documentos por pagar;2;2.1;;Este rubro incluirá obligaciones no documentadas y las cuentas por pagar documentadas a través de letras y otros documentos, provenientes exclusivamente de las operaciones comerciales de la empresa. También se incluirán en esta cuenta las obligaciones que no prevengan de las operaciones comerciales de la empresa (acreedores varios).;Se carga con los pagos efectuados.;Por aquellas deudas que se han aceptado y por los documentos registrados en el libro de compras.;;Por los documentos pendientes de pago a terceros a una fecha determinada.;1;
2.1.40.1;Documentos y cuentas por pagar empresas relacionadas;2;2.1;;Representa obligaciones con empresas relacionadas que provienen o no de operaciones comerciales.;Se carga con los pagos efectuados.;Por aquellas deudas que se han aceptado y por los documentos registrados en el libro de compras.;;Por los documentos pendientes de pago a terceros a una fecha determinada.;1;
2.1.50.1;Documentos y cuentas por pagar empresas no relacionadas.;2;2.1;;Representa obligaciones con empresas no relacionadas que provienen o no de operaciones comerciales.;Se carga con los pagos efectuados.;Por aquellas deudas que se han aceptado y por los documentos registrados en el libro de compras.;;Por los documentos pendientes de pago a terceros a una fecha determinada.;1;
2.1.60.1;Cuenta corriente comitente;2;2.1;;Obligación que se tiene por las ventas que se recibieron en consignación.;Se carga con los pagos efectuados.;Por aquellas deudas que se han aceptado y por los documentos registrados en el libro de compras.;;Por los documentos pendientes de pago a terceros a una fecha determinada.;0;
2.1.70.1;Acreedores varios;2;2.1;;Obligaciones a menos de un año que no provengan de las operaciones comerciales de la empresa.;Se carga por la cancelación total o parcial de la deuda, devolución de compra.;Por aquellas deudas que se han aceptado producto de alguna compra, por los documentos registrados en el libro de compras, incrementos por ajustes del monto a pagar.;;Por las deudas pendientes de pago a una fecha determinada.;1;
2.1.80.1;Obligaciones o acreedores por Leasing porción C/P;2;2.1;;Se debe registrar en esta cuenta las obligaciones adquiridas (en su porción de corto plazo) producto de la suscripción de los contratos de leasing.;Se carga por la cancelación total o parcial de la obligación.;Por aquellas obligaciones que se han aceptado producto de alguna suscripción, por los documentos registrados en el libro de compras, incrementos por modificaciones en las condiciones de la suscripción.;;Por la obligación pendiente de pago a una fecha determinada.;0;
2.1.90.1;Intereses diferidos por Leasing;2;2.1;;Diferencia entre el valor del contrato y el valor libro del activo entregado en leasing.;;;;;0;
2.1.100.1;Provisiones;2;2.1;;Estimaciones de obligaciones que a la fecha de los estados financieros se encuentran devengados o adeudados tales como gratificaciones, indemnizaciones, vacaciones y otros beneficios que serán liquidados en el ejercicio siguiente.;Se carga por la contabilización del requerimiento de pago del beneficio que corresponde pagar en el período.;Se abona con el asiento de centralización en el libro de remuneraciones. Además se pueden llevar a cabo ajustes por diferencias entre lo provisionado al procesar los sueldos y los valores efectivamente adeudados a la fecha del pago efectivo.;;Estimación de los beneficios que se pagarán al año siguiente.;1;
2.1.110.1;Remuneraciones por pagar;2;2.1;;Sueldos devengados que no han sido abonados por lo tanto están pendiente de pagos;;;;;0;
2.1.120.1;Entidades previsionales por pagar;2;2.1;;En esta cuenta se incluyen descuentos como: cotización previsional obligatoria, de ahorro, APV, salud obligatoria, salud voluntaria, seguro cesantía.;;;;;0;
2.1.130.1;Impuesto único por pagar;2;2.1;;En esta cuenta se incluyen conceptos de impuesto único relacionados con los trabajadores.;;;;;1;
2.1.140.1;Retenciones por pagar;2;2.1;;Obligaciones de corto plazo por concepto de impuesto de retención tales como impuesto de 2da categoría. Asimismo deberán incluirse aquellas obligaciones derivadas del pago de remuneraciones como sueldos adeudados y cotizaciones previsionales.;Se carga por el asiento de centralización del libro de remuneraciones por asignaciones familiares pagadas en el mes. Además se carga con la contabilización del pago de imposiciones del mes anterior.;Se abona con el asiento de centralización en el libro de remuneraciones. Además se pueden llevar a cabo ajustes por diferencias entre lo retenido al procesar los sueldos y los valores efectivamente adeudados a la fecha del pago efectivo.;;Representa los fondos adeudados por este tipo de obligaciones.;1;
2.1.150.1;Impuesto a la renta por pagar;2;2.1;;Impuesto a la renta que corresponde pagar por los resultados del ejercicio, deducidos los pagos provisionales obligatorios o voluntarios y otros créditos que se aplican a esta obligación.;Se carga con la contabilización de requerimiento de pago.;Se abona con la contabilización de la declaración de impuesto.;;Representa el impuesto a la renta por pagar.;1;
2.1.160.1;Otros impuestos por pagar;2;2.1;;En esta cuenta se refleja la deuda que la empresa tiene por concepto de obligaciones o pago exigible con el estado o con otros diversos entes del gobierno.;Se carga con la contabilización de requerimiento de pago.;Se abona con la contabilización de la declaración de impuesto.;;Representa el impuesto por pagar.;1;
2.1.170.1;IVA débitos;2;2.1;;Representa el IVA que se genera por las ventas afectas que realiza la empresa.;Se carga con la cancelación del impuesto, compensaciones, ajustes.;Se abona por los impuestos retenidos al vender según factura.;;Representa el IVA débito fiscal pendiente de imputación en la declaración de impuestos.;1;
2.1.180.1;Impuesto adicional débitos;2;2.1;;Se registra los montos de débitos por concepto de impuesto adicional.;Se carga con la cancelación del impuesto, compensaciones, ajustes.;Se abona por los impuestos retenidos.;;Representa el impuesto adicional pendiente de imputación en la declaración de impuestos.;0;
2.1.190.1;Impuesto Ley 18.211 débitos;2;2.1;;En esta cuenta se registra débito por impuesto Ley 18.211 que grava la importación de mercancías extranjeras a las zonas francas de extensión.;;Se abona por los impuestos retenidos.;;;0;
2.1.200.1;Impuestos diferidos;2;2.1;;Diferencia acreedora neta entre el impuesto a pagar en un ejercicio tributario distinto al de su registro contable.;;Se abona por los impuestos retenidos.;;;0;
2.1.210.1;Ingresos percibidos por adelantado;2;2.1;;Ingresos recibidos a la fecha de los estados financieros, cuyo efecto en resultado se producirá dentro del ejercicio siguiente.;Se carga por ajustes de servicios devengados.;Se abona con el pago de ingresos realizados anticipadamente.;;Por bienes o servicios por proporcionaar.;1;
2.1.220.1;Depósitos garantía de envases;2;2.1;;En esta cuenta se registra el valor de la obligación presente por depósito de garantía en envase.;Se carga por devoluciones (de envases) recibidas.;Se abona con el pago del depósito de garantía.;;Depósitos relacionados a envases pendientes de devolución.;0;
2.1.230.1;Otros pasivos circulantes;2;2.1;;Obligaciones que no pueden clasificarse en los rubros anteriores. Como deudas en líneas de crédito, tarjetas de crédito, préstamos de corto plazo.;Se carga con la cancelación de la obligación y por pagos o abonos de los préstamos.;Se abona por la aceptación de la obligación con terceros y préstamos adeudados.;;Representa las obligaciones pendientes de pago a una fecha determinada.;1;
2.2.10.1;Obligaciones con bancos e instituciones financieras L/P;2;2.2;;Préstamos otorgados exclusivamente por bancos e instituciones financieras, con vencimientos que excedan a un año.;Se carga con la cancelación de la obligación.;Se abona por la aceptación de la obligación, además se abona con el reconocimiento de los intereses y reajustes.;;Representa las obligaciones adeudadas a los bancos e instituciones financieras por las cuotas cuyo vencimiento es superior a un año.;0;
2.2.20.1;Obligaciones con el público largo plazo (bonos);2;2.2;;Obligaciones contraídas a través de la emisión de bonos u otro título de deuda de oferta pública.;Se carga con los pagos efectuados.;;;Representa las obligaciones adeudadas al público por las cuotas cuyo vencimiento es superior a un año.;0;
2.2.30.1;Cuentas y documentos por pagar L/P;2;2.2;;Este rubro incluirá obligaciones no documentadas y las cuentas por pagar documentadas a través de letras y otros documentos, provenientes exclusivamente de las operaciones comerciales de la empresa. También se incluirán en esta cuenta las obligaciones que no prevengan de las operaciones comerciales de la empresa (acreedores varios), cuyo vencimiento es superior a un año.;Se carga con los pagos efectuados.;Por aquellas deudas que se han aceptado y por los documentos registrados en el libro de compras.;;Por los documentos pendientes de pago a terceros cuyo vencimiento es superior a un año.;0;
2.2.40.1;Acreedores varios L/P;2;2.2;;Obligaciones a largo plazo no derivados del giro de la empresa y no incluídas en los rubros anteriores.;Se carga por la cancelación total o parcial de la deuda, devolución de compra.;Por aquellas deudas que se han aceptado producto de alguna compra, por los documentos registrados en el libro de compras, incrementos por ajustes del monto a pagar.;;Por las deudas pendientes de pago a una fecha determinada.;0;
2.2.50.1;Obligaciones o acreedores por Leasing porción L/P;2;2.2;;Se debe registrar en esta cuenta las obligaciones adquiridas (en su porción de largo plazo) producto de la suscripción de los contratos de leasing.;Se carga por la cancelación total o parcial de la obligación.;Por aquellas obligaciones que se han aceptado producto de alguna suscripción, por los documentos registrados en el libro de compras, incrementos por modificaciones en las condiciones de la suscripción.;;Por la obligación pendiente de pago a una fecha determinada.;0;
2.2.60.1;Documentos y cuentas por pagar a empresas relacionadas L/P;2;2.2;;Documentos y cuentas por pagar a largo plazo, derivado de transacciones con empresas relacionadas.;Se carga con los pagos efectuados.;Por aquellas deudas que se han aceptado y por los documentos registrados en el libro de compras.;;Por los documentos pendientes de pago a terceros a una fecha determinada.;0;
2.2.70.1;Impuestos diferidos L/P;2;2.2;;Este rubro reflejará la diferencia acreedora neta entre el impuesto a pagar en un ejercicio tributario distinto al de su registro contable y el gasto tributario por impuesto a la renta, originadas por diferencias temporarias imponibles en el largo plazo.;;Se abona por los impuestos retenidos.;;;0;
2.2.80.1;Otros pasivos largo plazo;2;2.2;;Obligaciones con terceros que no pueden clasificarse en los rubros anteriores.;Se carga con la cancelación de la obligación y por pagos o abonos de los préstamos.;Se abona por la aceptación de la obligación.;;Representa las obligaciones pendientes de pago cuyo vencimiento es superior a un año.;1;
3.1.10.1;Capital pagado;3;3.1;;Capital aportado y efectivamente pagado por empresarios o socios, ya revalorizado cuando se trate de estados financieros anuales.;Se carga por retiros, pérdidas, depreciaciones, etc.;Se abona por ganancias, aportes, revalorizaciones, capitalizaciones, etc.;;Representa el valor patrimonial de la empresa por aportes iniciales y resultados del ejercicio.;1;
3.1.20.1;Reserva revalorización capital propio;3;3.1;;Revalorización del capital pagado, acumulada durante el ejercicio.;Se carga por motivos de revalorización, retiros, etc.;Se abona por aplicación de corrección monetaria.;;Por revalorizaciones acumuladas.;1;
3.1.30.1;Otras reservas;3;3.1;;Reservas de capitalización no definidas anteriormente o generadas por disposiciones legales especiales que afecten a la sociedad.;Se carga por motivos de revalorización, retiros, etc.;Se abona por aplicación de corrección monetaria.;;;1;
3.1.40.1;Cuenta obligada socio;3;3.1;;Aporte por enterar de acuerdo a escritura de la constitución de la sociedad. Es cuenta de patrimonio complementaria de las cuentas de capital. El carácter complementario de estas cuentas indican que tienen un tratamiento inverso a la cuenta principal, es decir, cuenta de capital.;Aumentos, pago del aporte comprometido.;Disminuciones, aporte de capital.;Monto del aporte por enterar.;;1;
3.2.10.1;Utilidades acumuladas;3;3.2;;Representa las utilidades acumuladas por la empresa y que provienen de ejercicios anteriores.;Se carga por la distribución de resultados del ejercicio anterior y por la corrección monetaria.;Se abona cuando se traspasa el superávit del ejercicio anterior.;;Tiene saldo acreedor cuando los resultados de los ejercicios anteriores son positivos.;1;
3.2.20.1;Pérdidas acumuladas;3;3.2;;Representa las pérdidas acumuladas por la empresa y que provienen de ejercicios anteriores.;Se carga cuando se traspasa el déficit del ejercicio anterior.;Se abona por la distribución de resultados del ejercicio anterior y por la corrección monetaria.;Tiene saldo deudor cuando los resultados de los ejercicios anteriores son negativos.;;1;
3.2.30.1;Utilidad del ejercicio;3;3.2;;Utilidad o pérdida del ejercicio, es decir la diferencia entre los ingresos y egresos del período.;Se carga con el asiento de cierre de las cuentas de gastos del período. En caso que los ingresos sean superiores a los gastos, esta cuenta recibe un cargo por traspasar la utilidad a la cuenta de resultado acumulado.;Se abona con el asiento de cierre de las cuentas de ingresos del período. En caso que los ingresos sean inferiores a los gastos, esta cuenta recibe un abono por traspasar la pérdida a la cuenta de resultado acumulado.;Tiene saldo deudor cuando el resultado del ejercicio es negativo.;Tiene saldo acreedor cuando el resultado del ejercicio es positivo.;1;
3.2.40.1;Pérdida y ganancia;3;3.2;;Cuenta puente para generar los asientos de cierre.;;;;;1;
4.1.10.1;Ingreso por ventas de bienes y servicios del giro.;4;4.1;;Ventas totales efectuadas por la empresa durante el periodo cubierto por el estado de resultados. El monto de las ventas deberá mostrarse neto de los impuestos que las graven, descuentos de precios y otros que afecten directamente al precio de venta.;Se carga a la cuenta costo directo por ventas de bienes y servicios del giro.;Se abona por las ventas al precio de venta.;;Representa los ingresos percibidos y devengados por la venta de bienes y servicios efectuados.;1;
4.1.20.1;Otros ingresos del giro.;4;4.1;;Ingresos que provienen de otras transacciones distintas de las principales, que no hayan sido definidas en las clasificaciones anteriores, tales como royalties, regalías, ventas de activo fijo, etc. Además se deberán presentar todos aquellos ingresos obtenidos en la enajenación de acciones, así como los dividendos percibidos por inversiones en otras sociedades.;;Se abona por los valores positivos obtenidos por estas operaciones.;;Representa los ingresos percibidos por este concepto durante el periodo.;1;
4.2.10.1;Costos directo por ventas de bienes y servicios del giro;4;4.2;;Costo de los productos y servicios, determinado de acuerdo con el sistema de costo llevado por la empresa.;Por costo de los bienes y servicios vendidos.;Costo de las devoluciones de venta.;Costo de los bienes y servicios vendidos por la empresa correspondiente a su giro.;;1;
4.2.20.1;Otros costos directos del giro;4;4.2;;Se debe registrar el resto de los gastos, desembolsos o partidas según balance, y registros contables que ya se encuentren rebajados y necesarios para producir la renta.;Por desembolsos necesarios para la producción o venta de bienes y servicios vendidos.;Costo de las devoluciones de venta.;Costos necesarios para producir la venta.;;1;
4.3.10.1;Gastos generales;4;4.3;;Gastos menores relacionados con la administración de la empresa y no atribuibles a un área específica dentro de ella.;Por los gastos devengados.;;Pérdida por concepto de gastos.;;1;
4.3.20.1;Contribuciones;4;4.3;;Se registra pago de impuesto por concepto de bienes raíces.;Por los gastos devengados.;;Pérdida por concepto de gastos.;;1;
4.3.30.1;Deudores incobrables;4;4.3;;Cuentas (que provienen de compromisos de terceros con la empresa) que no se van a pagar. Se ocupa cuando se estima incobrabilidad.;;;;;0;
4.3.40.1;Reparaciones automóviles;4;4.3;;Gastos por concepto de reparación de automóvil.;;;;;0;
4.3.50.1;Gastos de organización y puesta en marcha;4;4.3;;Gastos provenientes del inicio de actividades de la empresa que impliquen importantes desembolsos.;Por los gastos devengados.;;Pérdida por concepto de gastos.;;1;
4.3.60.1;Gastos de investigación y desarrollo;4;4.3;;Gastos ocacionados por la empresa en la investigación y desarrollo de sus productos, patentes, marcas.;Por los gastos devengados.;;Pérdida por concepto de gastos.;;1;
4.3.70.1;Sueldos (remuneraciones);4;4.3;;Representa los gastos por concepto de remuneraciones que efectúa la empresa. Se incluyen en esta cuenta todos los relacionados con los pagos al personal por la prestación de servicios en virtud de un contrato de trabajo. Por lo tanto esta cuenta resume los conceptos de haberes totales, horas extras. También se incluye en esta cuenta los gastos por concepto de honorarios.;Se carga con la centralización de las remuneraciones mensuales, mediante un comprobante de traspaso que proviene del libro de remuneraciones. También se carga con el asiento de centralización del libro de compras por las boletas registradas en el período mensual respectivo.;Con el asiento de cierrre de las cuentas de gasto de cada período. Además se debe abonar regularizaciones o anulaciones de valores imputados erróneamente a la cuenta.;Representa el gasto acumulado por concepto de remuneraciones y honorarios a la fecha del informe respectivo.;;0;
4.3.80.1;Aporte patronal;4;4.3;;En esta cuenta se registra parte del pago obligatorio del empleador por cotización de seguro de invalidez y cesantía que beneficia a los trabajadores dependientes.;;;;;1;
4.3.90.1;Honorarios;4;4.3;631020;En esta cuenta se registra los pagos por retribución monetaria que reciben personas que prestan servicios basados fundamentalmente por habilidades personales.;;;;;1;
4.3.100.1;Sueldo empresarial;4;4.3;;En esta cuenta se registra la remuneración del socio de sociedades de personas y la que se asigne el empresario individual.;;;;;1;
4.3.110.1;Depreciación;4;4.3;;Corresponde al desgaste o deterioro que sufren los bienes de activo fijo como consecuencia del uso y del tiempo.;Por las depreciaciones del período.;;Total de depreciaciones aplicadas.;;1;
4.3.120.1;Amortización;4;4.3;;Corresponde al reconocimiento a gasto durante la vida útil de la inversión en la adquisición de activos intangibles (capaces de generar beneficios para la empresa) como gastos en organización y puesta en marcha, gastos de desarrollo.;Cuando se va reconociendo el gasto.;;Total de amortización reconocida.;;1;
4.3.130.1;Mermas (castigo de mercaderías);4;4.3;630100;En esta cuenta se debe reconocer las mermas de mercaderías como pérdidas que pueden ser tanto normales como extraordinarias.;Cuando se va reconociendo el castigo.;;;;1;
4.3.140.1;Gasto promoción;4;4.3;;En esta cuenta se registran los gastos por concepto de promoción.;;;;;1;
4.3.150.1;Otros gastos de administración y venta;4;4.3;;Todos los gastos necesarios para generar la venta y administración por ej: arriendos, seguros, publicidad. No incluye gastos por concepto de remuneraciones, honorarios, intereses por préstamos, gastor por donaciones.;Cuando se va reconociendo el castigo.;;;;1;
4.4.10.1;Ingresos financieros;4;4.4;;Intereses obtenidos por la empresa a través de inversiones financieras, e intereses, primas y comisiones, etc, devengados o pagados incurridos por la empresa en la obtención de recursos financieros sea cual fuere su origen.;Con el requerimiento de pago de la cuota del préstamo o en el caso de una regularización para este efecto.;Se abona con el asiento de ingreso por los intereses obtenidos.;Representa las pérdidas obtenidas por este concepto durante el ejercicio.;Representa las ganancias obtenidas por este concepto durante el ejercicio.;0;
4.4.20.1;Utilidad inversión en empresas relacionadas;4;4.4;;Utilidad o pérdida reconocidas en las inversiones en empresas relacionadas.;Por la pérdida obtenida de las inversiones.;Por la utilidad obtenida de las inversiones.;Representa los egresos efectuados por este concepto durante un período.;Representa los ingresos percibidos por este concepto durante un período.;0;
4.4.30.1;Rentas de fuente extranjera;4;4.4;;Básicamente se consideran las rentas líquidas percibidas.;;;;;0;
4.4.40.1;Dividendos percibidos;4;4.4;;En esta cuenta se registra la rentabilidad obtenida de participaciones percibidad y devengadas.;;;;;0;
4.4.50.1;Ingresos no renta;4;4.4;;En esta cuenta se registra los ingresos que no constituyen renta de acuerdo al artículo 17 de la LIR.;;;;;1;
4.4.60.1;Rentas exentas impuesto 1° Categoría;4;4.4;;En esta cuenta se registran las ventas exentas de impuesto de 1° Categoría.;;;;;1;
4.4.70.1;Rentas afectas a impuesto único de 1° Categoría;4;4.4;;En esta cuenta se registran las rentas afectas a impuesto único de 1° Categoría.;;;;;1;
4.4.80.1;Rentas por arriendos de bienes raíces agrícolas;4;4.4;;En esta cuenta se registran las rentas provenientes del arrendamiento, subarrendamiento, usufructo u otra forma de cesión o uso temporal de bienes raíces agrícolas.;;;;;0;
4.4.90.1;Rentas por bienes raíces no agrícolas;4;4.4;;En esta cuenta se registran las rentas provenientes del arrendamiento, subarrendamiento, usufructo u otra forma de cesión o uso temporal de bienes raíces no agrícolas.;;;;;0;
4.4.100.1;Otras rentas afectas a impuesto de 1° Categoría;4;4.4;;En esta cuenta se registran otras rentas afectas a impuesto de 1° Categoría no contempladas en las cuentas anteriores.;;;;;1;
4.4.110.1;Comisiones percibidas;4;4.4;;Ingresos que provienen de comisiones generadas de las ventas u otras transacciones distintas de las principales.;;;;;1;
4.4.120.1;Ingresos fuera de explotación;4;4.4;;Ingresos que provienen de las ventas u otras transacciones distintas de las principales que no hayan sido definidas en las clasificaciones anteriores.;;;;;1;
4.4.130.1;Ajuste ejercicio anterior;4;4.4;;Cuenta puente que se utiliza para reflejar las ganancias producto de estimaciones y provisiones. Ejemplo, estimación de recuperación de incobrables.;;;;;1;
4.4.140.1;Corrección monetaria;4;4.4;;Corresponde al saldo neto resultante de la aplicación de la corrección monetaria de los activos y pasivos no monetarios, del capital propio financiero y de las cuentas de resultado.;Por la revalorización del capital propio, aumentos de capital y de los pasivos no monetarios.;Por la revalorización de los activos no monetarios.;Cuando hay pérdida por este concepto.;Cuando hay ganancia bajo este concepto.;1;
4.4.150.1;Diferencia por tipo de cambio;4;4.4;;Corresponde a las diferencias de cambio que consiste en el efecto neto originado por el ajuste a pesos de los activos y pasivos reajustables sobre la base de la paridad de la moneda extranjera, descontando el efecto inflacionario.;;;Cuando hay pérdida por este concepto.;Cuando hay ganancia bajo este concepto.;0;
4.5.10.1;Gastos financieros;4;4.5;;Corresponde a los gastos incurridos por la empresa (ya sean devengados o percibidos) en la obtención de recursos financieros sea cual fuere su origen. Ej: intereses, primas, comisiones.;Se carga cuando se ingresa, el documento de respaldo del gasto.;;Representa las pérdidas no operacionales obtenidas por este concepto durante el ejercicio.;;1;
4.5.20.1;Comisiones pagadas;4;4.5;;Corresponde al valor de los gastos asociados a operaciones financieras, tales como, créditos, inversiones, líneas de crédito u otros conceptos.;;;;;1;
4.5.30.1;Pérdida inversión en empresas relacionadas;4;4.5;;Pérdidas reconocidas en las inversiones incluídas “inversiones en empresas relacionadas”.;;;;;0;
4.5.40.1;Costos y gastos por rentas fuentes extranjeras;4;4.5;;Se debe registrar los costos y gastos asociados a la generación de ingresos por renta de fuente extranjera.;;;;;0;
4.5.50.1;Otros egresos fuera de explotación;4;4.5;;Gastos y costos originados en transacciones o ajustes que no se relacionan directamente con la actividad principal.;;;;;1;
4.5.60.1;Pérdida por financiamiento (operaciones en Leasing);4;4.5;;Se deberá incluir en esta cuenta la pérdida generada en las operaciones de Leasing.;;;;;0;
4.5.70.1;Gastos aceptado por donaciones por fines sociales;4;4.5;;Monto del gasto aceptado correspondiente a las donaciones efectuadas para fines sociales.;;;;;1;
4.5.80.1;Gastos aceptados por donaciones para fines políticos;4;4.5;;Monto del gasto aceptado correspondiente a las donaciones efectuadas para fines políticos.;;;;;0;
4.5.90.1;Gasto aceptado por donaciones del Art. N° 10 Ley 19.885;4;4.5;;Monto del gasto aceptado correspondiente a las donaciones efectuadas al amparo del artículo N° 10 de la Ley 19.885.;;;;;0;
4.5.100.1;Donaciones escasos recursos Art. N° 46 DL 3063;4;4.5;;Monto del gasto correspondiente a las donaciones efectuadas al amparo del artículo N° 46 DL 3063.;;;;;0;
4.5.110.1;Donaciones sin beneficios tributarios;4;4.5;;Monto del gasto correspondiente a las donaciones sin fines tributarios.;;;;;0;
4.5.120.1;Otras donaciones;4;4.5;;Este rubro incluirá aquellas partidas que no pueden ser incorporadas en alguna de las clasificaciones anteriores sobre donaciones.;;;;;0;
4.5.130.1;Provisiones;4;4.5;;Representa los pagos operacionales por indemnización al personal despedido por la empresa, gasto por concepto de vacaciones devengadas durante el ejercicio por las personas contratadas por la empresa, aguinaldos y gratificaciones pagados al personal de la empresa.;Se carga por el asiento de centralización del libro de remuneraciones donde se reconoce el gasto por estos conceptos.;Se abona con el asiento de cierre de las cuentas de gasto de cada período. Además se puede abonar por regularizaciones o anulaciones de valores imputados erróneamente en la cuenta.;Representa el gasto acumulado por concepto de indemnizaciones, gratificaciones, incobrables, vacaciones que ha incurrido la empresa hasta la fecha del informe respectivo.;;1;
4.5.140.1;Impuestos no recuperables;4;4.5;;Representa los impuestos no recuperables;;;;;1;
4.6.10.1;Provisión impuesto a la renta;4;4.6;;Corresponde al gasto o ingreso por impuesto a la renta determinado de acuerdo a las normas tributarias vigentes reconocimiento de activos y pasivos por impuestos diferidos, amortización de cuentas de activo y pasivo complementarias contabilizadas por la aplicación inicial del Boletín Técnico N° 60 del Colegio de Contadores, beneficio originado por la aplicación de pérdidas tributarias y ajustes de la provisión de valuación.;Reconocimiento del gasto por concepto de impuesto. Aumento por ajustes.;Ajuste por reverso en la determinación del impuesto.;Gasto financiero por cumplimiento tributario.;;1;
